username;password;firstname;lastname;email;lang;course1;group1;type1
cchumacero;Eco1234#;Carmen;Chumacero;cchumacero@ecofuturo.com.bo;es;ECOFUTURO;;1
mchoquehuanca;Eco1234#;Marco;Choquehuanca;mchoquehuanca@ecofuturo.com.bo;es;ECOFUTURO;;1
gquispe;Eco1234#;Gabriel;Quispe;gquispe@ecofuturo.com.bo;es;ECOFUTURO;;1
jfarfan;Eco1234#;Janeth;Farfan;jfarfan@ecofuturo.com.bo;es;ECOFUTURO;;1
lcarballo;Eco1234#;Lucas;Carballo;lcarballo@ecofuturo.com.bo;es;ECOFUTURO;;1
lvasquez;Eco1234#;Luis;Vasquez;lvasquez@ecofuturo.com.bo;es;ECOFUTURO;;1
gosinaga;Eco1234#;Gridvian;Osinaga;gosinaga@ecofuturo.com.bo;es;ECOFUTURO;;1
iaramayo;Eco1234#;Ines;Aramayo;iaramayo@ecofuturo.com.bo;es;ECOFUTURO;;1
jsalinas;Eco1234#;jaime;Salinas;jasalinas@ecofuturo.com.bo;es;ECOFUTURO;;1
marenas;Eco1234#;mariana;Arenas;marenas@ecofuturo.com.bo;es;ECOFUTURO;;1
ecavero;Eco1234#;eduardo;cavero;ecavero@ecofuturo.com.bo;es;ECOFUTURO;;1
jbravo;Eco1234#;juan;bravo;jbravo@ecofuturo.com.bo;es;ECOFUTURO;;1
ejancko;Eco1234#;edwin;jancko;ejancko@ecofuturo.com.bo;es;ECOFUTURO;;1
maibanez;Eco1234#;marcelo;ibanez;maibanez@ecofuturo.com.bo;es;ECOFUTURO;;1
sduran;Eco1234#;santiago;duran;sduran@ecofuturo.com.bo;es;ECOFUTURO;;1
fquiroga;Eco1234#;freddy;quiroga;fquiroga@ecofuturo.com.bo;es;ECOFUTURO;;1
hemendoza;Eco1234#;hernan;mendoza;hemendoza@ecofuturo.com.bo;es;ECOFUTURO;;1
scabrera;Eco1234#;Saul;toro;scabrera@ecofuturo.com.bo;es;ECOFUTURO;;1
masalazar;Eco1234#;maximo;salazar;masalazar@ecofuturo.com.bo;es;ECOFUTURO;;1
jyanique;Eco1234#;juan;yanique;jyanique@ecofuturo.com.bo;es;ECOFUTURO;;1
jomiranda;Eco1234#;jose;miranda;jomiranda@ecofuturo.com.bo;es;ECOFUTURO;;1
varodriguez;Eco1234#;valentin;rodriguez;varodriguez@ecofuturo.com.bo;es;ECOFUTURO;;1
jcgutierrez;Eco1234#;juan;gutierrez;jcgutierrez@ecofuturo.com.bo;es;ECOFUTURO;;1
mdaza;Eco1234#;marcelo;daza;mdaza@ecofuturo.com.bo;es;ECOFUTURO;;1
dsaldias;Eco1234#;daniela;saldias;dsaldias@ecofuturo.com.bo;es;ECOFUTURO;;1
ssantiago;Eco1234#;sheila;santiago;ssantiago@ecofuturo.com.bo;es;ECOFUTURO;;1
darflores;Eco1234#;darlen;flores;darflores@ecofuturo.com.bo;es;ECOFUTURO;;1
jloza;Eco1234#;jaime;loza;jloza@ecofuturo.com.bo;es;ECOFUTURO;;1
hsalinas;Eco1234#;heber;salinas;hsalinas@ecofuturo.com.bo;es;ECOFUTURO;;1
ajimenez;Eco1234#;alex;jimenez;ajimenez@ecofuturo.com.bo;es;ECOFUTURO;;1
emachaca;Eco1234#;erick;machaca;emachaca@ecofuturo.com.bo;es;ECOFUTURO;;1
lalvarado;Eco1234#;luis;alvarado;lalvarado@ecofuturo.com.bo;es;ECOFUTURO;;1
asoliz;Eco1234#;alvaro;soliz;asoliz@ecofuturo.com.bo;es;ECOFUTURO;;1
nluque;Eco1234#;nelson;luque;nluque@ecofuturo.com.bo;es;ECOFUTURO;;1
mfernandez;Eco1234#;maria ;fernandez;mfernandez@ecofuturo.com.bo;es;ECOFUTURO;;1
mdiaz;Eco1234#;monica;diaz;mdiaz@ecofuturo.com.bo;es;ECOFUTURO;;1
kvasquez;Eco1234#;keythi;vasquez;kvasquez@ecofuturo.com.bo;es;ECOFUTURO;;1
amercado;Eco1234#;angela;mercado;amercado@ecofuturo.com.bo;es;ECOFUTURO;;1
loro;Eco1234#;luis;oro;loro@ecofuturo.com.bo;es;ECOFUTURO;;1
vticona;Eco1234#;victor;ticona;vticona@ecofuturo.com.bo;es;ECOFUTURO;;1
zmonje;Eco1234#;zacarias;monje;zmonje@ecofuturo.com.bo;es;ECOFUTURO;;1
mticona;Eco1234#;MARCELO;TICONA;mticona@ecofuturo.com.bo;es;ECOFUTURO;;1
jberdeja;Eco1234#;juan;BERDEJA;jberdeja@ecofuturo.com.bo;es;ECOFUTURO;;1
mluizaga;Eco1234#;MARBIN;LUIZAGA;mluizaga@ecofuturo.com.bo;es;ECOFUTURO;;1
gmarquez;Eco1234#;GINELDA;MARQUEZ;gmarquez@ecofuturo.com.bo;es;ECOFUTURO;;1
lcabrera;Eco1234#;Leonardo;cabrera;lcabrera@ecofuturo.com.bo;es;ECOFUTURO;;1
aguachalla;Eco1234#;Andy;guachalla;aguachalla@ecofuturo.com.bo;es;ECOFUTURO;;1
bledezma;Eco1234#;Brian;ledezma;bledezma@ecofuturo.com.bo;es;ECOFUTURO;;1
dpinaya;Eco1234#;dustin;pinaya;dpinaya@ecofuturo.com.bo;es;ECOFUTURO;;1
elahore;Eco1234#;Edwin;lahore;elahore@ecofuturo.com.bo;es;ECOFUTURO;;1
tcervantes;Eco1234#;tatiana;cervantes;tcervantes@ecofuturo.com.bo;es;ECOFUTURO;;1
jcardenas;Eco1234#;juan;cardenas;jcardenas@ecofuturo.com.bo;es;ECOFUTURO;;1
ohuanca;Eco1234#;oscar;huanca;ohuanca@ecofuturo.com.bo;es;ECOFUTURO;;1
cdaza;Eco1234#;circe;daza;cdaza@ecofuturo.com.bo;es;ECOFUTURO;;1
pdelgado;Eco1234#;pamela;delgado;pdelgado@ecofuturo.com.bo;es;ECOFUTURO;;1
rsalazar;Eco1234#;rudy;salazar;rsalazar@ecofuturo.com.bo;es;ECOFUTURO;;1
ecarri;Eco1234#;edgar;carri;ecarri@ecofuturo.com.bo;es;ECOFUTURO;;1
rsandy;Eco1234#;raul;sandy;rsandy@ecofuturo.com.bo;es;ECOFUTURO;;1
jtapia;Eco1234#;juan;tapia;jtapia@ecofuturo.com.bo;es;ECOFUTURO;;1
rgualeve;Eco1234#;rogelio;gualeve;rgualeve@ecofuturo.com.bo;es;ECOFUTURO;;1
wvargas;Eco1234#;wendy;vargas;wvargas@ecofuturo.com.bo;es;ECOFUTURO;;1
omendez;Eco1234#;oscar;mendez;omendez@ecofuturo.com.bo;es;ECOFUTURO;;1
jumendoza;Eco1234#;juana;mendoza;jumendoza@ecofuturo.com.bo;es;ECOFUTURO;;1
matorrez;Eco1234#;marco;torrez;matorrez@ecofuturo.com.bo;es;ECOFUTURO;;1
mimamani;Eco1234#;miguel;mamani;mimamani@ecofuturo.com.bo;es;ECOFUTURO;;1
nherrera;Eco1234#;ninoska;herrera;nherrera@ecofuturo.com.bo;es;ECOFUTURO;;1
oguaraya;Eco1234#;olden;guaraya;oguaraya@ecofuturo.com.bo;es;ECOFUTURO;;1
rumamani;Eco1234#;rudy;mamani;rumamani@ecofuturo.com.bo;es;ECOFUTURO;;1
gmamani;Eco1234#;gumercindo;mamani;gmamani@ecofuturo.com.bo;es;ECOFUTURO;;1
jmorato;Eco1234#;julio;morato;jmorato@ecofuturo.com.bo;es;ECOFUTURO;;1
lcarita;Eco1234#;lixfe;carita;lcarita@ecofuturo.com.bo;es;ECOFUTURO;;1
yavaldivia;Eco1234#;yandira;valdivia;yavaldivia@ecofuturo.com.bo;es;ECOFUTURO;;1
raflores;Eco1234#;raul;flores;raflores@ecofuturo.com.bo;es;ECOFUTURO;;1
rihuanca;Eco1234#;rilver;huanca;rihuanca@ecofuturo.com.bo;es;ECOFUTURO;;1
dcallisaya;Eco1234#;diego;callisaya;dcallisaya@ecofuturo.com.bo;es;ECOFUTURO;;1
tmarca;Eco1234#;tito;marca;tmarca@ecofuturo.com.bo;es;ECOFUTURO;;1
mquea;Eco1234#;moices;quea;mquea@ecofuturo.com.bo;es;ECOFUTURO;;1
icuqui;Eco1234#;isaac;cuqui;icuqui@ecofuturo.com.bo;es;ECOFUTURO;;1
fmamani;Eco1234#;felipe;mamani;fmamani@ecofuturo.com.bo;es;ECOFUTURO;;1
echila;Eco1234#;elias;chila;echila@ecofuturo.com.bo;es;ECOFUTURO;;1
ryumpiri;Eco1234#;roger;yumpiri;ryumpiri@ecofuturo.com.bo;es;ECOFUTURO;;1
mzirpa;Eco1234#;marco;zirpa;mzirpa@ecofuturo.com.bo;es;ECOFUTURO;;1
dcruz;Eco1234#;david;cruz;dcruz@ecofuturo.com.bo;es;ECOFUTURO;;1
ryanarico;Eco1234#;ruben;yanarico;ryanarico@ecofuturo.com.bo;es;ECOFUTURO;;1
aparisaca;Eco1234#;alex;parisaca;aparisaca@ecofuturo.com.bo;es;ECOFUTURO;;1
dorojas;Eco1234#;domingo;rojas;dorojas@ecofuturo.com.bo;es;ECOFUTURO;;1
apallarico;Eco1234#;adan;pallarico;apallarico@ecofuturo.com.bo;es;ECOFUTURO;;1
talconz;Eco1234#;tania;alconz;talconz@ecofuturo.com.bo;es;ECOFUTURO;;1
lmollinedo;Eco1234#;leopoldo;mollinedo;lmollinedo@ecofuturo.com.bo;es;ECOFUTURO;;1
scoronel;Eco1234#;simon;coronel;scoronel@ecofuturo.com.bo;es;ECOFUTURO;;1
lasturizaga;Eco1234#;lilian;asturizaga;lasturizaga@ecofuturo.com.bo;es;ECOFUTURO;;1
alquispe;Eco1234#;alvaro;quispe;alquispe@ecofuturo.com.bo;es;ECOFUTURO;;1
lgutierrez;Eco1234#;lizeth;gutierrez;lgutierrez@ecofuturo.com.bo;es;ECOFUTURO;;1
aarcani;Eco1234#;angel ;arcani;aarcani@ecofuturo.com.bo;es;ECOFUTURO;;1
lirodriguez;Eco1234#;lizeth;rodriguez;lirodriguez@ecofuturo.com.bo;es;ECOFUTURO;;1
imujica;Eco1234#;iris;mujica;imujica@ecofuturo.com.bo;es;ECOFUTURO;;1
rrojas;Eco1234#;rodmy;rojas;rrojas@ecofuturo.com.bo;es;ECOFUTURO;;1
wramos;Eco1234#;willy;ramos;wramos@ecofuturo.com.bo;es;ECOFUTURO;;1
jlquispe;Eco1234#;jose;quispe;jlquispe@ecofuturo.com.bo;es;ECOFUTURO;;1
heapaza;Eco1234#;herminia;apaza;heapaza@ecofuturo.com.bo;es;ECOFUTURO;;1
earo;Eco1234#;Edwin;aro;earo@ecofuturo.com.bo;es;ECOFUTURO;;1
cchirinos;Eco1234#;cintia;chirinos;cchirinos@ecofuturo.com.bo;es;ECOFUTURO;;1
maquispe;Eco1234#;marina;quispe;maquispe@ecofuturo.com.bo;es;ECOFUTURO;;1
jtarqui;Eco1234#;julio;tarqui;jtarqui@ecofuturo.com.bo;es;ECOFUTURO;;1
mpaucara;Eco1234#;martha;paucara;mpaucara@ecofuturo.com.bo;es;ECOFUTURO;;1
silaluque;Eco1234#;sergio;ilaluque;silaluque@ecofuturo.com.bo;es;ECOFUTURO;;1
cmiranda;Eco1234#;carlos;miranda;cmiranda@ecofuturo.com.bo;es;ECOFUTURO;;1
gmendoza;Eco1234#;gaston;mendoza;gmendoza@ecofuturo.com.bo;es;ECOFUTURO;;1
ehuayllpa;Eco1234#;eliseo;huayllpa;ehuayllpa@ecofuturo.com.bo;es;ECOFUTURO;;1
aquenta;Eco1234#;armando;quenta;aquenta@ecofuturo.com.bo;es;ECOFUTURO;;1
mapaza;Eco1234#;mary;apaza;mapaza@ecofuturo.com.bo;es;ECOFUTURO;;1
lquenta;Eco1234#;lina;quenta;lquenta@ecofuturo.com.bo;es;ECOFUTURO;;1
mherrera;Eco1234#;martha;herrera;mherrera@ecofuturo.com.bo;es;ECOFUTURO;;1
mtroche;Eco1234#;marcos;troche;mtroche@ecofuturo.com.bo;es;ECOFUTURO;;1
hapaza;Eco1234#;humberto;apaza;hapaza@ecofuturo.com.bo;es;ECOFUTURO;;1
schejo;Eco1234#;santos;chejo;schejo@ecofuturo.com.bo;es;ECOFUTURO;;1
oventura;Eco1234#;oscar;ventura;oventura@ecofuturo.com.bo;es;ECOFUTURO;;1
rchipana;Eco1234#;ramiro;chipana;rchipana@ecofuturo.com.bo;es;ECOFUTURO;;1
mchiri;Eco1234#;marcos;chiri;mchiri@ecofuturo.com.bo;es;ECOFUTURO;;1
mflores;Eco1234#;margot;flores;mflores@ecofuturo.com.bo;es;ECOFUTURO;;1
gchiara;Eco1234#;german;chiara;gchiara@ecofuturo.com.bo;es;ECOFUTURO;;1
jtola;Eco1234#;javier;tola;jtola@ecofuturo.com.bo;es;ECOFUTURO;;1
ncondori;Eco1234#;noemi;condori;ncondori@ecofuturo.com.bo;es;ECOFUTURO;;1
ncerrogrande;Eco1234#;guisbert;cerrogrande;ncerrogrande@ecofuturo.com.bo;es;ECOFUTURO;;1
btrujillo;Eco1234#;betty;trujillo;btrujillo@ecofuturo.com.bo;es;ECOFUTURO;;1
dcallizaya;Eco1234#;david;callizaya;dcallizaya@ecofuturo.com.bo;es;ECOFUTURO;;1
ypallarico;Eco1234#;yasmani;pallarico;ypallarico@ecofuturo.com.bo;es;ECOFUTURO;;1
fchoque;Eco1234#;felix;choque;fchoque@ecofuturo.com.bo;es;ECOFUTURO;;1
ejaillita;Eco1234#;eloy;jaillita;ejaillita@ecofuturo.com.bo;es;ECOFUTURO;;1
jhuacoto;Eco1234#;joel;huacoto;jhuacoto@ecofuturo.com.bo;es;ECOFUTURO;;1
dtorrez;Eco1234#;diego;torrez;dtorrez@ecofuturo.com.bo;es;ECOFUTURO;;1
lalvarez;Eco1234#;reynaldo;alvarez;lalvarez@ecofuturo.com.bo;es;ECOFUTURO;;1
erivero;Eco1234#;antezana;rivero;erivero@ecofuturo.com.bo;es;ECOFUTURO;;1
wlaura;Eco1234#;wilson;laura;wlaura@ecofuturo.com.bo;es;ECOFUTURO;;1
jquiroga;Eco1234#;javier;quiroga;jquiroga@ecofuturo.com.bo;es;ECOFUTURO;;1
bhuanca;Eco1234#;bonifacio;huanca;bhuanca@ecofuturo.com.bo;es;ECOFUTURO;;1
nsainz;Eco1234#;neyva;sainz;nsainz@ecofuturo.com.bo;es;ECOFUTURO;;1
fvillegas;Eco1234#;favio;villegas;fvillegas@ecofuturo.com.bo;es;ECOFUTURO;;1
jlanza;Eco1234#;janneth;lanza;jlanza@ecofuturo.com.bo;es;ECOFUTURO;;1
sreyes;Eco1234#;sherlan;reyes;sreyes@ecofuturo.com.bo;es;ECOFUTURO;;1
livillarroel;Eco1234#;litzi;villarroel;livillarroel@ecofuturo.com.bo;es;ECOFUTURO;;1
ssalazar;Eco1234#;sandra;salazar;ssalazar@ecofuturo.com.bo;es;ECOFUTURO;;1
mimendoza;Eco1234#;miguel;mendoza;mimendoza@ecofuturo.com.bo;es;ECOFUTURO;;1
marbenitez;Eco1234#;mariel;benitez;marbenitez@ecofuturo.com.bo;es;ECOFUTURO;;1
sguillen;Eco1234#;saul;guillen;sguillen@ecofuturo.com.bo;es;ECOFUTURO;;1
hgutierrez;Eco1234#;hilton;gutierrez;hgutierrez@ecofuturo.com.bo;es;ECOFUTURO;;1
cancasi;Eco1234#;carlos;ancasi;cancasi@ecofuturo.com.bo;es;ECOFUTURO;;1
anina;Eco1234#;angel;nina;anina@ecofuturo.com.bo;es;ECOFUTURO;;1
ibilbao;Eco1234#;ingrid;bilbao;ibilbao@ecofuturo.com.bo;es;ECOFUTURO;;1
rreynaga;Eco1234#;roger;reynaga;rreynaga@ecofuturo.com.bo;es;ECOFUTURO;;1
jzabala;Eco1234#;juan;zabala;jzabala@ecofuturo.com.bo;es;ECOFUTURO;;1
jzenteno;Eco1234#;jimena;zenteno;jzenteno@ecofuturo.com.bo;es;ECOFUTURO;;1
rchinche;Eco1234#;ruben;chinche;rchinche@ecofuturo.com.bo;es;ECOFUTURO;;1
iibanez;Eco1234#;isabel;ibanez;iibanez@ecofuturo.com.bo;es;ECOFUTURO;;1
cbascope;Eco1234#;claudia;bascope;cbascope@ecofuturo.com.bo;es;ECOFUTURO;;1
salvarez;Eco1234#;simon;alvarez;salvarez@ecofuturo.com.bo;es;ECOFUTURO;;1
atorrez;Eco1234#;andrea;torrez;atorrez@ecofuturo.com.bo;es;ECOFUTURO;;1
fromero;Eco1234#;franz;romero;fromero@ecofuturo.com.bo;es;ECOFUTURO;;1
byujra;Eco1234#;benjamin;yujra;byujra@ecofuturo.com.bo;es;ECOFUTURO;;1
jsanchez;Eco1234#;jherson;sanchez;jsanchez@ecofuturo.com.bo;es;ECOFUTURO;;1
dvallejos;Eco1234#;dixson;vallejos;dvallejos@ecofuturo.com.bo;es;ECOFUTURO;;1
rsoria;Eco1234#;rosario;soria;rsoria@ecofuturo.com.bo;es;ECOFUTURO;;1
rfernandez;Eco1234#;ruben;fernandez;rfernandez@ecofuturo.com.bo;es;ECOFUTURO;;1
mavaroma;Eco1234#;maguir;avaroma;mavaroma@ecofuturo.com.bo;es;ECOFUTURO;;1
egeronimo;Eco1234#;efrain;geronimo;egeronimo@ecofuturo.com.bo;es;ECOFUTURO;;1
raira;Eco1234#;ronald;aira;raira@ecofuturo.com.bo;es;ECOFUTURO;;1
crobles;Eco1234#;carla;robles;crobles@ecofuturo.com.bo;es;ECOFUTURO;;1
jsoliz;Eco1234#;juan;soliz;jsoliz@ecofuturo.com.bo;es;ECOFUTURO;;1
ahuanaco;Eco1234#;adela;huanaco;ahuanaco@ecofuturo.com.bo;es;ECOFUTURO;;1
jcflores;Eco1234#;juan;flores;jcflores@ecofuturo.com.bo;es;ECOFUTURO;;1
pcardozo;Eco1234#;paola;cardozo;pcardozo@ecofuturo.com.bo;es;ECOFUTURO;;1
oguzman;Eco1234#;oscar;guzman;oguzman@ecofuturo.com.bo;es;ECOFUTURO;;1
gflores;Eco1234#;gladis;flores;gflores@ecofuturo.com.bo;es;ECOFUTURO;;1
rguardia;Eco1234#;ronald;guardia;rguardia@ecofuturo.com.bo;es;ECOFUTURO;;1
sgutierrez;Eco1234#;silvia;gutierrez;sgutierrez@ecofuturo.com.bo;es;ECOFUTURO;;1
cvargas;Eco1234#;cinthya;vargas;cvargas@ecofuturo.com.bo;es;ECOFUTURO;;1
svillanueva;Eco1234#;samuel;villanueva;svillanueva@ecofuturo.com.bo;es;ECOFUTURO;;1
eescobar;Eco1234#;eliana;escobar;eescobar@ecofuturo.com.bo;es;ECOFUTURO;;1
robalderrama;Eco1234#;ronald;balderrama;robalderrama@ecofuturo.com.bo;es;ECOFUTURO;;1
vgarcia;Eco1234#;victor;garcia;vgarcia@ecofuturo.com.bo;es;ECOFUTURO;;1
jclaros;Eco1234#;juan;claros;jclaros@ecofuturo.com.bo;es;ECOFUTURO;;1
elvchoque;Eco1234#;elvira;choque;elvchoque@ecofuturo.com.bo;es;ECOFUTURO;;1
mgutierrez;Eco1234#;mariel;gutierrez;mgutierrez@ecofuturo.com.bo;es;ECOFUTURO;;1
asaavedra;Eco1234#;aldrin;saavedra;asaavedra@ecofuturo.com.bo;es;ECOFUTURO;;1
eponce;Eco1234#;Edwin;ponce;eponce@ecofuturo.com.bo;es;ECOFUTURO;;1
dcayoja;Eco1234#;delma;cayoja;dcayoja@ecofuturo.com.bo;es;ECOFUTURO;;1
dsoliz;Eco1234#;danny;soliz;dsoliz@ecofuturo.com.bo;es;ECOFUTURO;;1
fchugar;Eco1234#;favio;chugar;fchugar@ecofuturo.com.bo;es;ECOFUTURO;;1
jjimenez;Eco1234#;juan;jimenez;jjimenez@ecofuturo.com.bo;es;ECOFUTURO;;1
raguirre;Eco1234#;ramiro;aguirre;raguirre@ecofuturo.com.bo;es;ECOFUTURO;;1
gcayoja;Eco1234#;gabriel;cayoja;gcayoja@ecofuturo.com.bo;es;ECOFUTURO;;1
msejas;Eco1234#;marco;sejas;msejas@ecofuturo.com.bo;es;ECOFUTURO;;1
rmier;Eco1234#;raul;mier;rmier@ecofuturo.com.bo;es;ECOFUTURO;;1
cmattos;Eco1234#;carlos;mattos;cmattos@ecofuturo.com.bo;es;ECOFUTURO;;1
fmamani;Eco1234#;franklin;mamani;fmamani@ecofuturo.com.bo;es;ECOFUTURO;;1
rlenis;Eco1234#;rolando;lenis;rlenis@ecofuturo.com.bo;es;ECOFUTURO;;1
arosas;Eco1234#;armando;rosas;arosas@ecofuturo.com.bo;es;ECOFUTURO;;1
orcondori;Eco1234#;orlando;condori;orcondori@ecofuturo.com.bo;es;ECOFUTURO;;1
marquispe;Eco1234#;marco;quispe;marquispe@ecofuturo.com.bo;es;ECOFUTURO;;1
marbernal;Eco1234#;maria ;bernal;marbernal@ecofuturo.com.bo;es;ECOFUTURO;;1
rsanez;Eco1234#;rudy;sanez;rsanez@ecofuturo.com.bo;es;ECOFUTURO;;1
ssalinas;Eco1234#;shirley;salinas;ssalinas@ecofuturo.com.bo;es;ECOFUTURO;;1
hquiroga;Eco1234#;hierzon;quiroga;hquiroga@ecofuturo.com.bo;es;ECOFUTURO;;1
pmichel;Eco1234#;pablo;michel;pmichel@ecofuturo.com.bo;es;ECOFUTURO;;1
despinoza;Eco1234#;deymar;espinoza;despinoza@ecofuturo.com.bo;es;ECOFUTURO;;1
jergueta;Eco1234#;josefa;ergueta;jergueta@ecofuturo.com.bo;es;ECOFUTURO;;1
fmallco;Eco1234#;franz;mallco;fmallco@ecofuturo.com.bo;es;ECOFUTURO;;1
jaquino;Eco1234#;jessica;aquino;jaquino@ecofuturo.com.bo;es;ECOFUTURO;;1
gloayza;Eco1234#;grover;loayza;gloayza@ecofuturo.com.bo;es;ECOFUTURO;;1
fcondori;Eco1234#;fridda;condori;fcondori@ecofuturo.com.bo;es;ECOFUTURO;;1
jtupa;Eco1234#;jose ;tupa;jtupa@ecofuturo.com.bo;es;ECOFUTURO;;1
rmolina;Eco1234#;ramiro;molina;rmolina@ecofuturo.com.bo;es;ECOFUTURO;;1
mmiranda;Eco1234#;mariela;miranda;mmiranda@ecofuturo.com.bo;es;ECOFUTURO;;1
mgomez;Eco1234#;monica;gomez;mgomez@ecofuturo.com.bo;es;ECOFUTURO;;1
edflores;Eco1234#;edwin;flores;edflores@ecofuturo.com.bo;es;ECOFUTURO;;1
ggarcia;Eco1234#;gregorio;garcia;ggarcia@ecofuturo.com.bo;es;ECOFUTURO;;1
achumacero;Eco1234#;arturo;chumacero;achumacero@ecofuturo.com.bo;es;ECOFUTURO;;1
mortuno;Eco1234#;miguel;ortuno;mortuno@ecofuturo.com.bo;es;ECOFUTURO;;1
acopa;Eco1234#;adalid;copa;acopa@ecofuturo.com.bo;es;ECOFUTURO;;1
rrios;Eco1234#;raul;rios;rrios@ecofuturo.com.bo;es;ECOFUTURO;;1
mnavarro;Eco1234#;martha;navarro;mnavarro@ecofuturo.com.bo;es;ECOFUTURO;;1
avalda;Eco1234#;anabel;valda;avalda@ecofuturo.com.bo;es;ECOFUTURO;;1
iavillo;Eco1234#;ismael;avillo;iavillo@ecofuturo.com.bo;es;ECOFUTURO;;1
jacastro;Eco1234#;javier;castro;jacastro@ecofuturo.com.bo;es;ECOFUTURO;;1
lparedes;Eco1234#;limbert;paredes;lparedes@ecofuturo.com.bo;es;ECOFUTURO;;1
stola;Eco1234#;sonia;tola;stola@ecofuturo.com.bo;es;ECOFUTURO;;1
gcazas;Eco1234#;gonzalo;cazas;gcazas@ecofuturo.com.bo;es;ECOFUTURO;;1
msivila;Eco1234#;miguel;sivila;msivila@ecofuturo.com.bo;es;ECOFUTURO;;1
jterrazas;Eco1234#;jose;terrazas;jterrazas@ecofuturo.com.bo;es;ECOFUTURO;;1
mgallo;Eco1234#;marco;gallo;mgallo@ecofuturo.com.bo;es;ECOFUTURO;;1
ecalle;Eco1234#;edgar;calle;ecalle@ecofuturo.com.bo;es;ECOFUTURO;;1
ocondori;Eco1234#;omar;condori;ocondori@ecofuturo.com.bo;es;ECOFUTURO;;1
alaguirre;Eco1234#;alex;aguirre;alaguirre@ecofuturo.com.bo;es;ECOFUTURO;;1
raguilar;Eco1234#;richard;aguilar;raguilar@ecofuturo.com.bo;es;ECOFUTURO;;1
jopanique;Eco1234#;jorge;panique;jopanique@ecofuturo.com.bo;es;ECOFUTURO;;1
molguin;Eco1234#;marcelo;olguin;molguin@ecofuturo.com.bo;es;ECOFUTURO;;1
asubia;Eco1234#;ademar;subia;asubia@ecofuturo.com.bo;es;ECOFUTURO;;1
ssanchez;Eco1234#;sergio;sanchez;ssanchez@ecofuturo.com.bo;es;ECOFUTURO;;1
lbetancurt;Eco1234#;liliana;betancurt;lbetancurt@ecofuturo.com.bo;es;ECOFUTURO;;1
lnarvaez;Eco1234#;lourdes;narvaez;lnarvaez@ecofuturo.com.bo;es;ECOFUTURO;;1
chsalinas;Eco1234#;christian;salinas;chsalinas@ecofuturo.com.bo;es;ECOFUTURO;;1
jchoque;Eco1234#;juan;choque;jchoque@ecofuturo.com.bo;es;ECOFUTURO;;1
lumontano;Eco1234#;luis;montano;lumontano@ecofuturo.com.bo;es;ECOFUTURO;;1
naguilar;Eco1234#;neil;aguilar;naguilar@ecofuturo.com.bo;es;ECOFUTURO;;1
cbenitez;Eco1234#;candido;benitez;cbenitez@ecofuturo.com.bo;es;ECOFUTURO;;1
dcano;Eco1234#;didi;cano;dcano@ecofuturo.com.bo;es;ECOFUTURO;;1
ocruz;Eco1234#;orlando;cruz;ocruz@ecofuturo.com.bo;es;ECOFUTURO;;1
rmarquez;Eco1234#;ramon;marquez;rmarquez@ecofuturo.com.bo;es;ECOFUTURO;;1
mguerrero;Eco1234#;melby;guerrero;mguerrero@ecofuturo.com.bo;es;ECOFUTURO;;1
djimenez;Eco1234#;douglas;jimenez;djimenez@ecofuturo.com.bo;es;ECOFUTURO;;1
mmarquez;Eco1234#;marco;marquez;mmarquez@ecofuturo.com.bo;es;ECOFUTURO;;1
jltorrez;Eco1234#;jose;torrez;jltorrez@ecofuturo.com.bo;es;ECOFUTURO;;1
lmartinez;Eco1234#;lucia;martinez;lmartinez@ecofuturo.com.bo;es;ECOFUTURO;;1
viortiz;Eco1234#;vicente;ortiz;viortiz@ecofuturo.com.bo;es;ECOFUTURO;;1
rofernandez;Eco1234#;roberth;fernandez;rofernandez@ecofuturo.com.bo;es;ECOFUTURO;;1
saduran;Eco1234#;sandra;duran;saduran@ecofuturo.com.bo;es;ECOFUTURO;;1
wlaime;Eco1234#;wilder;laime;wlaime@ecofuturo.com.bo;es;ECOFUTURO;;1
martorrez;Eco1234#;marianela;torrez;martorrez@ecofuturo.com.bo;es;ECOFUTURO;;1
jostorrez;Eco1234#;jose;torrez;jostorrez@ecofuturo.com.bo;es;ECOFUTURO;;1
mvaldez;Eco1234#;marizol;valdez;mvaldez@ecofuturo.com.bo;es;ECOFUTURO;;1
mguaygua;Eco1234#;mabel;guaygua;mguaygua@ecofuturo.com.bo;es;ECOFUTURO;;1
hlizarraga;Eco1234#;hans;lizarraga;hlizarraga@ecofuturo.com.bo;es;ECOFUTURO;;1
avillavicencio;Eco1234#;alejandro;villavicencio;avillavicencio@ecofuturo.com.bo;es;ECOFUTURO;;1
gojeda;Eco1234#;gueri;ojeda;gojeda@ecofuturo.com.bo;es;ECOFUTURO;;1
isoruco;Eco1234#;iris;soruco;isoruco@ecofuturo.com.bo;es;ECOFUTURO;;1
jmollo;Eco1234#;javier;mollo;jmollo@ecofuturo.com.bo;es;ECOFUTURO;;1
wramallo;Eco1234#;walter;ramallo;wramallo@ecofuturo.com.bo;es;ECOFUTURO;;1
gleanos;Eco1234#;gonzalo;leanos;gleanos@ecofuturo.com.bo;es;ECOFUTURO;;1
dmelgar;Eco1234#;daniel;melgar;dmelgar@ecofuturo.com.bo;es;ECOFUTURO;;1
gbauroro;Eco1234#;gerson;bauroro;gbauroro@ecofuturo.com.bo;es;ECOFUTURO;;1
hparada;Eco1234#;harold;parada;hparada@ecofuturo.com.bo;es;ECOFUTURO;;1
avaca;Eco1234#;ariel;vaca;avaca@ecofuturo.com.bo;es;ECOFUTURO;;1
kcuellar;Eco1234#;katherine;cuellar;kcuellar@ecofuturo.com.bo;es;ECOFUTURO;;1
rveizaga;Eco1234#;ruth;veizaga;rveizaga@ecofuturo.com.bo;es;ECOFUTURO;;1
carce;Eco1234#;carmen;arce;carce@ecofuturo.com.bo;es;ECOFUTURO;;1
eyucra;Eco1234#;elva;yucra;eyucra@ecofuturo.com.bo;es;ECOFUTURO;;1
ycazon;Eco1234#;yaneth;cazon;ycazon@ecofuturo.com.bo;es;ECOFUTURO;;1
rsuarez;Eco1234#;robin;suarez;rsuarez@ecofuturo.com.bo;es;ECOFUTURO;;1
meguez;Eco1234#;maria;eguez;meguez@ecofuturo.com.bo;es;ECOFUTURO;;1
imojica;Eco1234#;ivanna;mojica;imojica@ecofuturo.com.bo;es;ECOFUTURO;;1
miquispe;Eco1234#;miguel;quispe;miquispe@ecofuturo.com.bo;es;ECOFUTURO;;1
vvargas;Eco1234#;vicenta;vargas;vvargas@ecofuturo.com.bo;es;ECOFUTURO;;1
arrojas;Eco1234#;ariel;rojas;arrojas@ecofuturo.com.bo;es;ECOFUTURO;;1
rcasanova;Eco1234#;ruben;casanova;rcasanova@ecofuturo.com.bo;es;ECOFUTURO;;1
oamaya;Eco1234#;oscar;amaya;oamaya@ecofuturo.com.bo;es;ECOFUTURO;;1
jcalvi;Eco1234#;jonas;calvi;jcalvi@ecofuturo.com.bo;es;ECOFUTURO;;1
jbustillos;Eco1234#;joaquin;bustillos;jbustillos@ecofuturo.com.bo;es;ECOFUTURO;;1
aquiroz;Eco1234#;ariel;quiroz;aquiroz@ecofuturo.com.bo;es;ECOFUTURO;;1
gllave;Eco1234#;gondy;llave;gllave@ecofuturo.com.bo;es;ECOFUTURO;;1
eterrazas;Eco1234#;evelin;terrazas;eterrazas@ecofuturo.com.bo;es;ECOFUTURO;;1
lvillagomez;Eco1234#;luis;villagomez;lvillagomez@ecofuturo.com.bo;es;ECOFUTURO;;1
achoque;Eco1234#;aide;choque;achoque@ecofuturo.com.bo;es;ECOFUTURO;;1
mvillegas;Eco1234#;marisol;villegas;mvillegas@ecofuturo.com.bo;es;ECOFUTURO;;1
dromero;Eco1234#;diether;romero;dromero@ecofuturo.com.bo;es;ECOFUTURO;;1
vrosas;Eco1234#;yolanda;rosas;vrosas@ecofuturo.com.bo;es;ECOFUTURO;;1
lapaza;Eco1234#;lizet;apaza;lapaza@ecofuturo.com.bo;es;ECOFUTURO;;1
lsejas;Eco1234#;lisett;sejas;lsejas@ecofuturo.com.bo;es;ECOFUTURO;;1
jserrudo;Eco1234#;julia;serrudo;jserrudo@ecofuturo.com.bo;es;ECOFUTURO;;1
rcarrillo;Eco1234#;robert ;carrillo;rcarrillo@ecofuturo.com.bo;es;ECOFUTURO;;1
emedina;Eco1234#;erick;medina;emedina@ecofuturo.com.bo;es;ECOFUTURO;;1
jrivero;Eco1234#;juan;rivero;jrivero@ecofuturo.com.bo;es;ECOFUTURO;;1
fcavero;Eco1234#;faviola;cavero;fcavero@ecofuturo.com.bo;es;ECOFUTURO;;1
dflores;Eco1234#;david;flores;dflores@ecofuturo.com.bo;es;ECOFUTURO;;1
epalacios;Eco1234#;eloina;palacios;epalacios@ecofuturo.com.bo;es;ECOFUTURO;;1
kdiaz;Eco1234#;karla;diaz;kdiaz@ecofuturo.com.bo;es;ECOFUTURO;;1
mlino;Eco1234#;melfi;lino;mlino@ecofuturo.com.bo;es;ECOFUTURO;;1
koropeza;Eco1234#;karen;oropeza;koropeza@ecofuturo.com.bo;es;ECOFUTURO;;1
cgomez;Eco1234#;carlos;gomez;cgomez@ecofuturo.com.bo;es;ECOFUTURO;;1
lchavarria;Eco1234#;luis;chavarria;lchavarria@ecofuturo.com.bo;es;ECOFUTURO;;1
iojeda;Eco1234#;ingrid;ojeda;iojeda@ecofuturo.com.bo;es;ECOFUTURO;;1
sbeltran;Eco1234#;sara;beltran;sbeltran@ecofuturo.com.bo;es;ECOFUTURO;;1
fmaldonado;Eco1234#;freddy;maldonado;fmaldonado@ecofuturo.com.bo;es;ECOFUTURO;;1
bespinoza;Eco1234#;belssy;espinoza;bespinoza@ecofuturo.com.bo;es;ECOFUTURO;;1
mprieto;Eco1234#;melby;prieto;mprieto@ecofuturo.com.bo;es;ECOFUTURO;;1
hvaldivia;Eco1234#;herry;valdivia;hvaldivia@ecofuturo.com.bo;es;ECOFUTURO;;1
maroca;Eco1234#;marco;roca;maroca@ecofuturo.com.bo;es;ECOFUTURO;;1
vsivila;Eco1234#;vanessa;sivila;vsivila@ecofuturo.com.bo;es;ECOFUTURO;;1
nmartinez;Eco1234#;ninfa;martinez;nmartinez@ecofuturo.com.bo;es;ECOFUTURO;;1
amejia;Eco1234#;alvaro;mejia;amejia@ecofuturo.com.bo;es;ECOFUTURO;;1
afrontanilla;Eco1234#;alvaro;frontanilla;afrontanilla@ecofuturo.com.bo;es;ECOFUTURO;;1
oviera;Eco1234#;oscar;viera;oviera@ecofuturo.com.bo;es;ECOFUTURO;;1
corozco;Eco1234#;carmen;orozco;corozco@ecofuturo.com.bo;es;ECOFUTURO;;1
eguzman;Eco1234#;eulogio;guzman;eguzman@ecofuturo.com.bo;es;ECOFUTURO;;1
nfernandez;Eco1234#;napoleon;fernandez;nfernandez@ecofuturo.com.bo;es;ECOFUTURO;;1
jgutierrez;Eco1234#;jose;gutierrez;jgutierrez@ecofuturo.com.bo;es;ECOFUTURO;;1
rascuy;Eco1234#;ricarda;ascuy;rascuy@ecofuturo.com.bo;es;ECOFUTURO;;1
aarias;Eco1234#;adalid;arias;aarias@ecofuturo.com.bo;es;ECOFUTURO;;1
dllanos;Eco1234#;daniel;llanos;dllanos@ecofuturo.com.bo;es;ECOFUTURO;;1
ivelarde;Eco1234#;iver;velarde;ivelarde@ecofuturo.com.bo;es;ECOFUTURO;;1
asandoval;Eco1234#;alvaro;sandoval;asandoval@ecofuturo.com.bo;es;ECOFUTURO;;1
eflores;Eco1234#;efrain;flores;eflores@ecofuturo.com.bo;es;ECOFUTURO;;1
svalverde;Eco1234#;sandy;valverde;svalverde@ecofuturo.com.bo;es;ECOFUTURO;;1
ymostasedo;Eco1234#;yessica;mostasedo;ymostasedo@ecofuturo.com.bo;es;ECOFUTURO;;1
lperez;Eco1234#;luis;perez;lperez@ecofuturo.com.bo;es;ECOFUTURO;;1
ecruz;Eco1234#;enoht;cruz;ecruz@ecofuturo.com.bo;es;ECOFUTURO;;1
rmoyata;Eco1234#;reynaldo;moyata;rmoyata@ecofuturo.com.bo;es;ECOFUTURO;;1
bcorrea;Eco1234#;berthy;correa;bcorrea@ecofuturo.com.bo;es;ECOFUTURO;;1
lpezoa;Eco1234#;leoncio;pezoa;lpezoa@ecofuturo.com.bo;es;ECOFUTURO;;1
juachavez;Eco1234#;juan;chavez;juachavez@ecofuturo.com.bo;es;ECOFUTURO;;1
rpaz;Eco1234#;ramon;paz;rpaz@ecofuturo.com.bo;es;ECOFUTURO;;1
jsucubono;Eco1234#;jose;sucubono;jsucubono@ecofuturo.com.bo;es;ECOFUTURO;;1
yquispe;Eco1234#;yhonny;quispe;yquispe@ecofuturo.com.bo;es;ECOFUTURO;;1
lmercado;Eco1234#;lander;mercado;lmercado@ecofuturo.com.bo;es;ECOFUTURO;;1
ptorrez;Eco1234#;patricia;torrez;ptorrez@ecofuturo.com.bo;es;ECOFUTURO;;1
pperez;Eco1234#;pablo;perez;pperez@ecofuturo.com.bo;es;ECOFUTURO;;1
jmendia;Eco1234#;jhosafat;mendia;jmendia@ecofuturo.com.bo;es;ECOFUTURO;;1
myanne;Eco1234#;monica;yanne;myanne@ecofuturo.com.bo;es;ECOFUTURO;;1
jfuentes;Eco1234#;juan;fuentes;jfuentes@ecofuturo.com.bo;es;ECOFUTURO;;1
yjustiniano;Eco1234#;yurdani;justiniano;yjustiniano@ecofuturo.com.bo;es;ECOFUTURO;;1
rlopez;Eco1234#;reynerio;lopez;rlopez@ecofuturo.com.bo;es;ECOFUTURO;;1
mguardia;Eco1234#;mijail;guardia;mguardia@ecofuturo.com.bo;es;ECOFUTURO;;1
fhumaza;Eco1234#;fatima;humaza;fhumaza@ecofuturo.com.bo;es;ECOFUTURO;;1
hsemo;Eco1234#;hector;semo;hsemo@ecofuturo.com.bo;es;ECOFUTURO;;1
msaavedra;Eco1234#;miguel;saavedra;msaavedra@ecofuturo.com.bo;es;ECOFUTURO;;1
amena;Eco1234#;angela;mena;amena@ecofuturo.com.bo;es;ECOFUTURO;;1
rburga;Eco1234#;ramiro;burga;rburga@ecofuturo.com.bo;es;ECOFUTURO;;1
elara;Eco1234#;elmys;lara;elara@ecofuturo.com.bo;es;ECOFUTURO;;1
dleon;Eco1234#;david;leon;dleon@ecofuturo.com.bo;es;ECOFUTURO;;1
juvaca;Eco1234#;juan;vaca;juvaca@ecofuturo.com.bo;es;ECOFUTURO;;1
rmaza;Eco1234#;raul;maza;rmaza@ecofuturo.com.bo;es;ECOFUTURO;;1
hgilmet;Eco1234#;helen;gilmet;hgilmet@ecofuturo.com.bo;es;ECOFUTURO;;1
dsalazar;Eco1234#;daniela;salazar;dsalazar@ecofuturo.com.bo;es;ECOFUTURO;;1
mantezana;Eco1234#;marcelo;antezana;mantezana@ecofuturo.com.bo;es;ECOFUTURO;;1
fluna;Eco1234#;Fernando;Rojas;fluna@ecofuturo.com.bo;es;ECOFUTURO;;1
aaranda;Eco1234#;ana ;aranda;aaranda@ecofuturo.com.bo;es;ECOFUTURO;;1
mchavez;Eco1234#;mariteé;chavez;mchavez@ecofuturo.com.bo;es;ECOFUTURO;;1
achavez;Eco1234#;alvaro;chavez;achavez@ecofuturo.com.bo;es;ECOFUTURO;;1
